<?xml version="1.0" encoding="UTF-8"?>
<ti:module xmlns:ti="http://ti.appcelerator.org" xmlns:android="http://schemas.android.com/apk/res/android">
	<!--
		Similar to tiapp.xml, but contains module/platform specific
		configuration in <iphone>, <android>, and <mobileweb> sections
	-->
	<iphone>
	</iphone>
	<android xmlns:android="http://schemas.android.com/apk/res/android">
      <manifest xmlns:android="http://schemas.android.com/apk/res/android">
        <uses-sdk android:minSdkVersion="15" android:targetSdkVersion="19"/>
        <application android:label="@string/app_name" android:hardwareAccelerated="false">
          <activity android:name="com.android.camera.CropImage"/>
        </application>
      </manifest>
      </android>
	<mobileweb>
	</mobileweb>

    <deployment-targets>
      <target device="android">true</target>
      <target device="iphone">false</target>
      <target device="ipad">false</target>
      <target device="blackberry">false</target>
      <target device="mobileweb">false</target>
      <target device="tizen">false</target>
    </deployment-targets>

</ti:module>
