<?xml version="1.0" encoding="UTF-8"?>
<ti:module xmlns:ti="http://ti.appcelerator.org" xmlns:android="http://schemas.android.com/apk/res/android">
	<!--
		Similar to tiapp.xml, but contains module/platform specific
		configuration in <iphone>, <android>, and <mobileweb> sections
        TODO! Specify that the module is only for android via deployment-target or anything else
	-->
	<iphone>
	</iphone>
	<android xmlns:android="http://schemas.android.com/apk/res/android">
        <manifest xmlns:android="https://schemas.android.com/apk/res/android">
            <uses-sdk android:minSdkVersion="15" android:targetSdkVersion="19"/>
            <application android:label="@string/app_name" android:hardwareAccelerated="false">
                <activity android:name="com.android.camera.CropImage"/>
            </application>
        </manifest>
	</android>
	<mobileweb>
	</mobileweb>
</ti:module>
